RAISE;RAISE;RAISE;RAISE;RAISE;RAISE;RAISE;CALL;CALL;CALL;CALL;CALL;CALL
RAISE;RAISE;RAISE;RAISE;RAISE;CALL;CALL;CALL;RAISE;RAISE;RAISE;RAISE;RAISE
RAISE;RAISE;RAISE;RAISE;RAISE;CALL;CALL;CALL;RAISE;RAISE;RAISE;RAISE;RAISE
RAISE;RAISE;RAISE;RAISE;RAISE;RAISE;CALL;CALL;RAISE;RAISE;RAISE;CALL;FOLD
RAISE;RAISE;RAISE;RAISE;RAISE;RAISE;CALL;CALL;RAISE;RAISE;CALL;FOLD;FOLD
RAISE;RAISE;RAISE;RAISE;RAISE;RAISE;CALL;CALL;CALL;CALL;FOLD;FOLD;FOLD
RAISE;RAISE;CALL;CALL;CALL;CALL;RAISE;CALL;RAISE;RAISE;FOLD;FOLD;FOLD
RAISE;CALL;FOLD;FOLD;FOLD;FOLD;CALL;RAISE;RAISE;RAISE;CALL;FOLD;FOLD
RAISE;CALL;FOLD;FOLD;FOLD;FOLD;FOLD;FOLD;RAISE;RAISE;RAISE;FOLD;FOLD
RAISE;FOLD;FOLD;FOLD;FOLD;FOLD;FOLD;FOLD;FOLD;RAISE;RAISE;CALL;FOLD
RAISE;FOLD;FOLD;FOLD;FOLD;FOLD;FOLD;FOLD;FOLD;FOLD;RAISE;FOLD;FOLD
CALL;FOLD;FOLD;FOLD;FOLD;FOLD;FOLD;FOLD;FOLD;FOLD;FOLD;RAISE;FOLD
FOLD;FOLD;FOLD;FOLD;FOLD;FOLD;FOLD;FOLD;FOLD;FOLD;FOLD;FOLD;RAISE
